<BackupInst xmlns="http://www.microsoft.com/GroupPolicy/GPOOperations/Manifest"><GPOGuid><![CDATA[{4CCFCD64-4377-46F5-99FD-D2DB09748B18}]]></GPOGuid><GPODomain><![CDATA[zab.local]]></GPODomain><GPODomainGuid><![CDATA[{7074b3e1-f4c8-4abb-9916-771752e88f2a}]]></GPODomainGuid><GPODomainController><![CDATA[MSAD-P1.zab.local]]></GPODomainController><BackupTime><![CDATA[2023-12-12T01:43:16]]></BackupTime><ID><![CDATA[{6BD9F1F1-A17A-43A9-A07F-E95035607A25}]]></ID><Comment><![CDATA[Firewall-AllowvNet]]></Comment><GPODisplayName><![CDATA[Domain-Firewall]]></GPODisplayName></BackupInst>
