<BackupInst xmlns="http://www.microsoft.com/GroupPolicy/GPOOperations/Manifest"><GPOGuid><![CDATA[{7590044D-0B3E-4328-89EB-F8A6E64FB095}]]></GPOGuid><GPODomain><![CDATA[dzab.local]]></GPODomain><GPODomainGuid><![CDATA[{c632d81c-7cdf-4744-8a3a-395c1b74a16b}]]></GPODomainGuid><GPODomainController><![CDATA[AD-P1.dzab.local]]></GPODomainController><BackupTime><![CDATA[2024-01-30T19:14:20]]></BackupTime><ID><![CDATA[{A409C9D3-290B-4F03-82E6-57CA968E41DF}]]></ID><Comment><![CDATA[]]></Comment><GPODisplayName><![CDATA[Domain-RDP]]></GPODisplayName></BackupInst>
