<Backups xmlns="http://www.microsoft.com/GroupPolicy/GPOOperations/Manifest" xmlns:mfst="http://www.microsoft.com/GroupPolicy/GPOOperations/Manifest" mfst:version="1.0"><BackupInst><GPOGuid><![CDATA[{0DBC0C40-68A3-4A33-A6B3-22F1C0E2E035}]]></GPOGuid><GPODomain><![CDATA[dzab.local]]></GPODomain><GPODomainGuid><![CDATA[{bf836fe9-c9f3-49a8-aa8c-6f78c05b92bb}]]></GPODomainGuid><GPODomainController><![CDATA[AD-P1.dzab.local]]></GPODomainController><BackupTime><![CDATA[2024-01-07T19:21:36]]></BackupTime><ID><![CDATA[{6DA23A1C-5E8B-4F13-ACD1-F32E93E106DC}]]></ID><Comment><![CDATA[Allow RDP to any machine from any user]]></Comment><GPODisplayName><![CDATA[Domain-RDP]]></GPODisplayName></BackupInst></Backups>