<BackupInst xmlns="http://www.microsoft.com/GroupPolicy/GPOOperations/Manifest"><GPOGuid><![CDATA[{678DA356-2937-4B0D-A7E8-C2BB4E95E2D6}]]></GPOGuid><GPODomain><![CDATA[zab.local]]></GPODomain><GPODomainGuid><![CDATA[{7074b3e1-f4c8-4abb-9916-771752e88f2a}]]></GPODomainGuid><GPODomainController><![CDATA[MSAD-P1.zab.local]]></GPODomainController><BackupTime><![CDATA[2023-12-11T23:54:18]]></BackupTime><ID><![CDATA[{6A1D39AD-C3E5-461D-BD02-DCB83583F4CD}]]></ID><Comment><![CDATA[Server-Admins]]></Comment><GPODisplayName><![CDATA[Server-Admins]]></GPODisplayName></BackupInst>
